study,base,tx,Lmean,Lse,multi_arm
A,X,Y,-0.525939262,0.127530712,0
B,Y,Z,-0.713349888,0.143742183,0
C,Z,X,-0.301105093,0.175849587,0
